
create table Author (
    author_id INTEGER PRIMARY KEY,
    first_name VARCHAR(100) NOT NULL,
    last_name VARCHAR(100) NOT NULL
);


create table Category (
    category_id INTEGER PRIMARY KEY,
    category_name VARCHAR(100)
);

create table Member (
    member_id INTEGER PRIMARY KEY,
    first_name VARCHAR(100) NOT NULL,
    last_name VARCHAR(100) NOT NULL,
    email VARCHAR(255) NOT NULL,
    phone_number VARCHAR(15),
    membership_date DATE NOT NULL
);

create table Book(
    book_id INTEGER PRIMARY KEY,
    title VARCHAR(255) NOT NULL,
    isbn VARCHAR(100) NOT NULL,
    publication_year DATE,
    copies_available INTEGER DEFAULT 0,
    category_id INTEGER,
    FOREIGN KEY (category_id) REFERENCES Category(category_id)
);

create table TransactionLog(
    transaction_id INTEGER PRIMARY KEY,
    transaction_type VARCHAR(100) NOT NULL,
    transaction_date DATE NOT NULL,
    due_date DATE NOT NULL,
    return_date DATE,
    fine_amount DECIMAL(10,2),
    member_id INT,
    book_id INT,
    FOREIGN KEY (member_id) REFERENCES Member(member_id),
    FOREIGN KEY (book_id) REFERENCES Book(book_id)
);

create table BookAuthor (
    book_id INTEGER,
    author_id INTEGER,
    FOREIGN KEY (book_id) REFERENCES Book(book_id),
    FOREIGN KEY (author_id) REFERENCES Author(author_id)
);


-- Insert 100 Authors
INSERT INTO Author (author_id, first_name, last_name)
VALUES
(1, 'John', 'Doe'),
(2, 'Jane', 'Smith'),
(3, 'Robert', 'Brown'),
(4, 'Emily', 'Davis'),
(5, 'Michael', 'Miller'),
(6, 'Sarah', 'Wilson'),
(7, 'David', 'Moore'),
(8, 'Olivia', 'Taylor'),
(9, 'James', 'Anderson'),
(10, 'Mary', 'Thomas'),
(11, 'William', 'Jackson'),
(12, 'Isabella', 'White'),
(13, 'Sophia', 'Harris'),
(14, 'Lucas', 'Clark'),
(15, 'Benjamin', 'Lewis'),
(16, 'Mason', 'Roberts'),
(17, 'Alexander', 'Walker'),
(18, 'Ethan', 'Young'),
(19, 'Henry', 'Allen'),
(20, 'Grace', 'King'),
(21, 'Liam', 'Wright'),
(22, 'Mia', 'Scott'),
(23, 'Daniel', 'Adams'),
(24, 'Ava', 'Nelson'),
(25, 'Jack', 'Carter'),
(26, 'Logan', 'Mitchell'),
(27, 'Charlotte', 'Perez'),
(28, 'Amelia', 'Gonzalez'),
(29, 'Harper', 'Reed'),
(30, 'James', 'Cook'),
(31, 'Sebastian', 'Baker'),
(32, 'Victoria', 'Murphy'),
(33, 'Jackson', 'Davis'),
(34, 'Megan', 'Roberts'),
(35, 'Matthew', 'Miller'),
(36, 'Leo', 'Harris'),
(37, 'Sophie', 'Barnes'),
(38, 'Zoe', 'Foster'),
(39, 'Eva', 'Davis'),
(40, 'Oliver', 'Evans'),
(41, 'Chloe', 'Thompson'),
(42, 'Elijah', 'Hughes'),
(43, 'Lily', 'Watson'),
(44, 'Max', 'Walker'),
(45, 'Nina', 'Perez'),
(46, 'Owen', 'Johnson'),
(47, 'Emma', 'King'),
(48, 'Jacob', 'Martinez'),
(49, 'Ella', 'Gonzalez'),
(50, 'Matthew', 'Moore'),
(51, 'Grace', 'Turner'),
(52, 'Aiden', 'Lee'),
(53, 'Ariana', 'White'),
(54, 'Sam', 'Hall'),
(55, 'Mia', 'Gomez'),
(56, 'Caden', 'Perez'),
(57, 'Nina', 'Walker'),
(58, 'Sofia', 'Roberts'),
(59, 'James', 'Scott'),
(60, 'Benjamin', 'Baker'),
(61, 'Samuel', 'Jones'),
(62, 'Madeline', 'Reed'),
(63, 'Rachel', 'Evans'),
(64, 'Jasper', 'Hughes'),
(65, 'Charlotte', 'Ross'),
(66, 'Avery', 'Cook'),
(67, 'Dylan', 'Barnes'),
(68, 'Jade', 'Gonzalez'),
(69, 'Jordan', 'Parker'),
(70, 'Wyatt', 'Davis'),
(71, 'Zara', 'Lee'),
(72, 'Isaac', 'Johnson'),
(73, 'Mila', 'Brown'),
(74, 'Elijah', 'Harris'),
(75, 'Sophie', 'Thomas'),
(76, 'Noah', 'Smith'),
(77, 'Anna', 'Watson'),
(78, 'Isaiah', 'Parker'),
(79, 'Maya', 'Williams'),
(80, 'Addison', 'Baker'),
(81, 'Lucas', 'Rodriguez'),
(82, 'Oliver', 'Moore'),
(83, 'Jack', 'Evans'),
(84, 'Grace', 'Nelson'),
(85, 'Harley', 'Clark'),
(86, 'Kai', 'Hughes'),
(87, 'Chloe', 'Gonzalez'),
(88, 'Gavin', 'Thompson'),
(89, 'Madison', 'Harris'),
(90, 'Brooklyn', 'Walker'),
(91, 'Liam', 'Baker'),
(92, 'Peyton', 'Gomez'),
(93, 'Owen', 'Wilson'),
(94, 'Eva', 'Scott'),
(95, 'Sophia', 'Miller'),
(96, 'Landon', 'Smith'),
(97, 'Sarah', 'Hughes'),
(98, 'Grace', 'Lewis'),
(99, 'Jacob', 'Thomas'),
(100, 'Max', 'Brown');

-- Insert 10 popular categories
INSERT INTO Category (category_id, category_name)
VALUES
(1, 'Fiction'),
(2, 'Non-Fiction'),
(3, 'Science Fiction'),
(4, 'Fantasy'),
(5, 'Biography'),
(6, 'History'),
(7, 'Technology'),
(8, 'Self-help'),
(9, 'Health'),
(10, 'Romance');

-- Insert 50 member records
INSERT INTO Member (member_id, first_name, last_name, email, phone_number, membership_date)
VALUES
(1, 'John', 'Doe', 'john.doe@example.com', '555-1234', '2020-01-01'),
(2, 'Jane', 'Smith', 'jane.smith@example.com', '555-5678', '2021-02-15'),
(3, 'Michael', 'Johnson', 'michael.johnson@example.com', '555-8765', '2019-05-10'),
(4, 'Emily', 'Davis', 'emily.davis@example.com', '555-4321', '2018-03-12'),
(5, 'David', 'Martinez', 'david.martinez@example.com', '555-3456', '2020-07-23'),
(6, 'Sophia', 'Garcia', 'sophia.garcia@example.com', '555-6543', '2019-11-11'),
(7, 'James', 'Anderson', 'james.anderson@example.com', '555-7654', '2021-08-05'),
(8, 'Olivia', 'Thomas', 'olivia.thomas@example.com', '555-8765', '2020-12-21'),
(9, 'Daniel', 'Taylor', 'daniel.taylor@example.com', '555-9876', '2019-06-16'),
(10, 'Isabella', 'Lopez', 'isabella.lopez@example.com', '555-1122', '2021-03-30'),
(11, 'Ethan', 'Miller', 'ethan.miller@example.com', '555-4433', '2018-04-18'),
(12, 'Madison', 'Wilson', 'madison.wilson@example.com', '555-2233', '2021-01-10'),
(13, 'Lucas', 'Moore', 'lucas.moore@example.com', '555-4455', '2020-09-12'),
(14, 'Mia', 'Jackson', 'mia.jackson@example.com', '555-7788', '2019-02-25'),
(15, 'Alexander', 'White', 'alexander.white@example.com', '555-8899', '2020-06-20'),
(16, 'Charlotte', 'Harris', 'charlotte.harris@example.com', '555-6677', '2018-11-13'),
(17, 'Benjamin', 'Martin', 'benjamin.martin@example.com', '555-4433', '2019-07-29'),
(18, 'Amelia', 'Thompson', 'amelia.thompson@example.com', '555-5544', '2021-10-01'),
(19, 'Sebastian', 'Garcia', 'sebastian.garcia@example.com', '555-2233', '2020-05-17'),
(20, 'Zoe', 'Rodriguez', 'zoe.rodriguez@example.com', '555-6622', '2021-04-15'),
(21, 'William', 'Martinez', 'william.martinez@example.com', '555-1122', '2018-01-10'),
(22, 'Ella', 'Roberts', 'ella.roberts@example.com', '555-9988', '2019-12-08'),
(23, 'Henry', 'Clark', 'henry.clark@example.com', '555-3344', '2020-07-04'),
(24, 'Lily', 'Lewis', 'lily.lewis@example.com', '555-5566', '2021-09-22'),
(25, 'Matthew', 'Walker', 'matthew.walker@example.com', '555-8899', '2020-04-30'),
(26, 'Samantha', 'Allen', 'samantha.allen@example.com', '555-1234', '2019-11-20'),
(27, 'Jack', 'Young', 'jack.young@example.com', '555-4321', '2020-02-25'),
(28, 'Hannah', 'King', 'hannah.king@example.com', '555-6677', '2018-05-18'),
(29, 'Aiden', 'Scott', 'aiden.scott@example.com', '555-7788', '2019-08-10'),
(30, 'Liam', 'Nelson', 'liam.nelson@example.com', '555-9988', '2021-06-04'),
(31, 'Ella', 'Carter', 'ella.carter@example.com', '555-1122', '2021-07-15'),
(32, 'Elijah', 'Mitchell', 'elijah.mitchell@example.com', '555-3344', '2020-11-19'),
(33, 'Gabriel', 'Perez', 'gabriel.perez@example.com', '555-5566', '2019-04-28'),
(34, 'Scarlett', 'Robinson', 'scarlett.robinson@example.com', '555-2233', '2019-02-15'),
(35, 'Jackson', 'Martinez', 'jackson.martinez@example.com', '555-6655', '2020-01-12'),
(36, 'Luna', 'Gonzalez', 'luna.gonzalez@example.com', '555-3344', '2021-05-29'),
(37, 'Levi', 'Murphy', 'levi.murphy@example.com', '555-7788', '2021-02-10'),
(38, 'Aria', 'Parker', 'aria.parker@example.com', '555-6677', '2019-09-05'),
(39, 'Jack', 'Hall', 'jack.hall@example.com', '555-2233', '2020-10-21'),
(40, 'James', 'Evans', 'james.evans@example.com', '555-5544', '2019-06-01'),
(41, 'Gabriella', 'Adams', 'gabriella.adams@example.com', '555-8877', '2020-07-18'),
(42, 'Samuel', 'Wright', 'samuel.wright@example.com', '555-4433', '2020-03-05'),
(43, 'Grace', 'Collins', 'grace.collins@example.com', '555-8899', '2021-08-22'),
(44, 'Benjamin', 'Perez', 'benjamin.perez@example.com', '555-8899', '2021-07-28'),
(45, 'Charlotte', 'Graham', 'charlotte.graham@example.com', '555-9988', '2019-01-19'),
(46, 'William', 'Wood', 'william.wood@example.com', '555-2233', '2020-06-03'),
(47, 'Madeline', 'Bryant', 'madeline.bryant@example.com', '555-3344', '2021-01-14'),
(48, 'Isaiah', 'Jordan', 'isaiah.jordan@example.com', '555-5566', '2020-04-01'),
(49, 'Evan', 'Cook', 'evan.cook@example.com', '555-2233', '2021-06-11'),
(50, 'Nora', 'Baker', 'nora.baker@example.com', '555-3344', '2020-07-25');


-- Insert 200 book records
INSERT INTO Book (book_id, title, isbn, publication_year, copies_available, category_id)
VALUES
(1, 'The Great Gatsby', '9780743273565', '1925-04-10', 5, 1),
(2, 'To Kill a Mockingbird', '9780061120084', '1960-07-11', 3, 2),
(3, '1984', '9780451524935', '1949-06-08', 7, 3),
(4, 'Pride and Prejudice', '9780141439518', '1813-01-28', 8, 1),
(5, 'The Catcher in the Rye', '9780316769488', '1951-07-16', 4, 2),
(6, 'The Lord of the Rings', '9780618640157', '1954-07-29', 2, 3),
(7, 'The Hobbit', '9780547928227', '1937-09-21', 6, 1),
(8, 'Harry Potter and the Sorcerer Stone', '9780590353427', '1997-06-26', 10, 4),
(9, 'The Chronicles of Narnia', '9780064404997', '1950-10-16', 3, 4),
(10, 'Moby Dick', '9781503280786', '1851-11-14', 2, 1),
(11, 'War and Peace', '9781400079988', '1869-01-01', 1, 2),
(12, 'The Odyssey', '9780140268867', '800-01-01', 5, 1),
(13, 'The Iliad', '9780140275360', '750-01-01', 4, 1),
(14, 'Brave New World', '9780060850524', '1932-08-01', 6, 3),
(15, 'The Grapes of Wrath', '9780143039433', '1939-04-14', 7, 2),
(16, 'Fahrenheit 451', '9781451673319', '1953-10-19', 5, 3),
(17, 'Catch-22', '9781451626650', '1961-11-10', 8, 2),
(18, 'The Road', '9780307387899', '2006-09-26', 3, 1),
(19, 'Slaughterhouse-Five', '9780385342308', '1969-03-31', 4, 3),
(20, 'Crime and Punishment', '9780140449136', '1866-01-01', 2, 2),
(21, 'The Picture of Dorian Gray', '9780141441740', '1890-07-01', 5, 1),
(22, 'Dracula', '9780141439847', '1897-05-26', 6, 1),
(23, 'The Metamorphosis', '9780141181394', '1915-01-01', 7, 2),
(24, 'Frankenstein', '9780486282114', '1818-01-01', 3, 1),
(25, 'Anna Karenina', '9780143035008', '1878-01-01', 2, 2),
(26, 'The Shining', '9780307743657', '1977-01-28', 4, 3),
(27, 'The Fault in Our Stars', '9780525478812', '2012-01-10', 5, 4),
(28, 'The Hunger Games', '9780439023528', '2008-09-14', 6, 4),
(29, 'A Game of Thrones', '9780553103540', '1996-08-06', 3, 4),
(30, 'The Wind-Up Bird Chronicle', '9780679775437', '1994-06-16', 4, 2),
(31, 'The Catcher in the Rye', '9780316769488', '1951-07-16', 5, 1),
(32, 'The Outsiders', '9780142407332', '1967-04-24', 7, 4),
(33, 'Lord of the Flies', '9780399501487', '1954-09-17', 8, 1),
(34, 'A Tale of Two Cities', '9781853260391', '1859-01-01', 3, 2),
(35, 'The Alchemist', '9780062315007', '1988-01-01', 5, 4),
(36, 'The Bell Jar', '9780060837020', '1963-01-01', 6, 1),
(37, 'To Kill a Mockingbird', '9780061120084', '1960-07-11', 4, 2),
(38, 'Of Mice and Men', '9780140177398', '1937-02-06', 7, 1),
(39, 'The Secret Garden', '9780064401880', '1911-08-01', 5, 4),
(40, 'Gone with the Wind', '9781416548942', '1936-06-30', 2, 1),
(41, 'The Handmaid Tale', '9780385490818', '1985-01-01', 3, 3),
(42, 'The Girl on the Train', '9781594633669', '2015-01-13', 6, 4),
(43, 'The Help', '9780399155345', '2009-02-10', 4, 2),
(44, 'Life of Pi', '9780156027328', '2001-09-11', 8, 1),
(45, 'The Night Circus', '9780307594883', '2011-09-13', 3, 4),
(46, 'Water for Elephants', '9781565125605', '2006-05-26', 5, 1),
(47, 'Eat, Pray, Love', '9780143038412', '2006-02-01', 2, 2),
(48, 'The Poisonwood Bible', '9780061577074', '1998-06-01', 6, 3),
(49, 'The Nightingale', '9780393394236', '2015-02-03', 4, 1),
(50, 'All the Light We Cannot See', '9781501103761', '2014-05-06', 5, 2),
(51, 'The Book Thief', '9780375842207', '2005-03-01', 7, 3),
(52, 'The Goldfinch', '9780316055444', '2013-10-22', 8, 4),
(53, 'Big Little Lies', '9780399587201', '2014-07-29', 6, 1),
(54, 'The Giver', '9780544336261', '1993-04-26', 5, 2),
(55, 'The Great Gatsby', '9780743273565', '1925-04-10', 3, 1),
(56, 'Little Women', '9780143039499', '1868-09-30', 5, 4),
(57, 'Charlotte Web', '9780061124952', '1952-10-15', 7, 3),
(58, 'The Road', '9780307387899', '2006-09-26', 3, 1),
(59, 'The Fountainhead', '9780451191151', '1943-05-07', 5, 4),
(60, 'Wuthering Heights', '9780141439557', '1847-12-01', 4, 2),
(61, 'The Diary of a Young Girl', '9780553296983', '1947-06-25', 5, 1),
(62, 'The Hobbit', '9780547928227', '1937-09-21', 6, 4),
(63, 'Catch-22', '9781451626650', '1961-11-10', 7, 3),
(64, 'To Kill a Mockingbird', '9780061120084', '1960-07-11', 4, 1),
(65, 'The Catcher in the Rye', '9780316769488', '1951-07-16', 5, 3),
(66, 'The Road', '9780307387899', '2006-09-26', 6, 4),
(67, 'The Odyssey', '9780140268867', '800-01-01', 3, 2),
(68, 'The Iliad', '9780140275360', '750-01-01', 5, 1),
(69, 'Brave New World', '9780060850524', '1932-08-01', 6, 3),
(70, 'The Grapes of Wrath', '9780143039433', '1939-04-14', 8, 2),
(71, 'Fahrenheit 451', '9781451673319', '1953-10-19', 4, 4),
(72, 'Catch-22', '9781451626650', '1961-11-10', 3, 1),
(73, 'The Road', '9780307387899', '2006-09-26', 6, 3),
(74, 'Dracula', '9780141439847', '1897-05-26', 8, 4),
(75, 'Frankenstein', '9780486282114', '1818-01-01', 2, 3),
(76, 'The Bell Jar', '9780060837020', '1963-01-01', 4, 1),
(77, 'Slaughterhouse-Five', '9780385342308', '1969-03-31', 6, 2),
(78, 'Crime and Punishment', '9780140449136', '1866-01-01', 3, 1),
(79, 'The Secret Garden', '9780064401880', '1911-08-01', 5, 3),
(80, 'Gone with the Wind', '9781416548942', '1936-06-30', 6, 1),
(81, 'The Help', '9780399155345', '2009-02-10', 8, 2),
(82, 'Life of Pi', '9780156027328', '2001-09-11', 5, 4),
(83, 'The Night Circus', '9780307594883', '2011-09-13', 4, 3),
(84, 'Water for Elephants', '9781565125605', '2006-05-26', 2, 4),
(85, 'Eat, Pray, Love', '9780143038412', '2006-02-01', 6, 2),
(86, 'The Poisonwood Bible', '9780061577074', '1998-06-01', 5, 1),
(87, 'The Nightingale', '9780393394236', '2015-02-03', 6, 4),
(88, 'All the Light We Cannot See', '9781501103761', '2014-05-06', 7, 3),
(89, 'The Book Thief', '9780375842207', '2005-03-01', 3, 2),
(90, 'The Goldfinch', '9780316055444', '2013-10-22', 5, 4),
(91, 'Big Little Lies', '9780399587201', '2014-07-29', 2, 1),
(92, 'The Giver', '9780544336261', '1993-04-26', 6, 3),
(93, 'The Great Gatsby', '9780743273565', '1925-04-10', 5, 2),
(94, 'Little Women', '9780143039499', '1868-09-30', 3, 4),
(95, 'Charlotte Web', '9780061124952', '1952-10-15', 4, 1),
(96, 'The Road', '9780307387899', '2006-09-26', 7, 4),
(97, 'The Fountainhead', '9780451191151', '1943-05-07', 2, 2),
(98, 'Wuthering Heights', '9780141439557', '1847-12-01', 4, 3),
(99, 'The Diary of a Young Girl', '9780553296983', '1947-06-25', 6, 1),
(100, 'The Hobbit', '9780547928227', '1937-09-21', 5, 4);


INSERT INTO BookAuthor (book_id, author_id) VALUES 
(1, 1), (1, 2),
(2, 2), (2, 3),
(3, 3), (3, 4),
(4, 4),
(5, 1), (5, 3), (5, 5),
(6, 2), (6, 5),
(7, 1), (7, 6),
(8, 3), (8, 2),
(9, 4), (9, 5),
(10, 2),
(11, 1), (11, 3),
(12, 4), (12, 5),
(13, 3), (13, 2),
(14, 1), (14, 4),
(15, 5), (15, 3),
(16, 6), (16, 2),
(17, 1), (17, 5),
(18, 4), (18, 6),
(19, 2), (19, 3),
(20, 1), (20, 4),
(21, 5), (21, 2),
(22, 3), (22, 1),
(23, 4), (23, 5),
(24, 6), (24, 1),
(25, 2), (25, 3),
(26, 1), (26, 4),
(27, 2), (27, 5),
(28, 6), (28, 1),
(29, 3), (29, 5),
(30, 2), (30, 4),
(31, 1), (31, 6),
(32, 2), (32, 3),
(33, 4), (33, 1),
(34, 5), (34, 3),
(35, 2), (35, 4),
(36, 1), (36, 5),
(37, 3), (37, 4),
(38, 2), (38, 5),
(39, 1), (39, 3),
(40, 2), (40, 4),
(41, 3), (41, 5),
(42, 1), (42, 6),
(43, 4), (43, 2),
(44, 1), (44, 3),
(45, 2), (45, 5),
(46, 4), (46, 6),
(47, 3), (47, 1),
(48, 2), (48, 4),
(49, 5), (49, 3),
(50, 2), (50, 1),
(51, 6), (51, 5),
(52, 1), (52, 3),
(53, 2), (53, 4),
(54, 3), (54, 5),
(55, 4), (55, 1),
(56, 2), (56, 5),
(57, 1), (57, 4),
(58, 6), (58, 1),
(59, 3), (59, 2),
(60, 5), (60, 4),
(61, 2), (61, 3),
(62, 1), (62, 5),
(63, 4), (63, 2),
(64, 1), (64, 6),
(65, 2), (65, 5),
(66, 3), (66, 4),
(67, 1), (67, 3),
(68, 5), (68, 4),
(69, 6), (69, 1),
(70, 2), (70, 3),
(71, 4), (71, 5),
(72, 1), (72, 6),
(73, 2), (73, 3),
(74, 5), (74, 4),
(75, 1), (75, 5),
(76, 3), (76, 2),
(77, 4), (77, 1),
(78, 5), (78, 2),
(79, 3), (79, 4),
(80, 1), (80, 5),
(81, 6), (81, 2),
(82, 3), (82, 5),
(83, 1), (83, 4),
(84, 6), (84, 3),
(85, 2), (85, 4),
(86, 5), (86, 1),
(87, 2), (87, 3),
(88, 5), (88, 4),
(89, 3), (89, 1),
(90, 2), (90, 5),
(91, 1), (91, 4),
(92, 3), (92, 6),
(93, 4), (93, 1),
(94, 5), (94, 3),
(95, 2), (95, 4),
(96, 1), (96, 6),
(97, 3), (97, 5),
(98, 4), (98, 2),
(99, 1), (99, 3),
(100, 5), (100, 4);


INSERT INTO TransactionLog (transaction_id, transaction_type, transaction_date, due_date, return_date, fine_amount, member_id, book_id) VALUES
(1, 'Borrow', '2024-01-10', '2024-02-10', '2024-02-12', 0.00, 2, 5),
(2, 'Return', '2024-02-10', '2024-02-10', '2024-02-12', 0.00, 2, 5),
(3, 'Borrow', '2024-01-15', '2024-02-15', '2024-02-18', 0.50, 3, 9),
(4, 'Return', '2024-02-15', '2024-02-15', '2024-02-18', 0.50, 3, 9),
(5, 'Borrow', '2024-01-20', '2024-02-20', '2024-02-25', 1.00, 1, 4),
(6, 'Return', '2024-02-25', '2024-02-25', '2024-02-28', 0.00, 1, 4),
(7, 'Borrow', '2024-02-05', '2024-03-05', '2024-03-07', 0.00, 7, 2),
(8, 'Return', '2024-03-07', '2024-03-07', '2024-03-09', 0.00, 7, 2),
(9, 'Borrow', '2024-01-28', '2024-02-28', '2024-03-02', 0.00, 5, 7),
(10, 'Return', '2024-03-02', '2024-03-02', '2024-03-03', 0.00, 5, 7),
(11, 'Borrow', '2024-01-25', '2024-02-25', '2024-02-27', 0.75, 6, 6),
(12, 'Return', '2024-02-27', '2024-02-27', '2024-02-28', 0.00, 6, 6),
(13, 'Borrow', '2024-02-10', '2024-03-10', '2024-03-12', 1.25, 8, 3),
(14, 'Return', '2024-03-12', '2024-03-12', '2024-03-13', 0.00, 8, 3),
(15, 'Borrow', '2024-01-30', '2024-02-28', '2024-03-01', 0.00, 10, 1),
(16, 'Return', '2024-03-01', '2024-03-01', '2024-03-02', 0.00, 10, 1),
(17, 'Borrow', '2024-01-17', '2024-02-17', '2024-02-20', 0.00, 4, 8),
(18, 'Return', '2024-02-20', '2024-02-20', '2024-02-21', 0.00, 4, 8),
(19, 'Borrow', '2024-01-23', '2024-02-23', '2024-02-25', 0.50, 9, 10),
(20, 'Return', '2024-02-25', '2024-02-25', '2024-02-27', 0.00, 9, 10),
(21, 'Borrow', '2024-02-13', '2024-03-13', '2024-03-14', 1.00, 6, 3),
(22, 'Return', '2024-03-14', '2024-03-14', '2024-03-16', 0.00, 6, 3),
(23, 'Borrow', '2024-02-18', '2024-03-18', '2024-03-20', 0.00, 1, 2),
(24, 'Return', '2024-03-20', '2024-03-20', '2024-03-22', 0.50, 1, 2),
(25, 'Borrow', '2024-02-25', '2024-03-25', '2024-03-28', 0.00, 3, 5),
(26, 'Return', '2024-03-28', '2024-03-28', '2024-03-30', 1.00, 3, 5),
(27, 'Borrow', '2024-02-02', '2024-03-02', '2024-03-04', 0.00, 7, 6),
(28, 'Return', '2024-03-04', '2024-03-04', '2024-03-06', 0.00, 7, 6),
(29, 'Borrow', '2024-01-31', '2024-02-28', '2024-03-02', 0.00, 5, 4),
(30, 'Return', '2024-03-02', '2024-03-02', '2024-03-04', 0.00, 5, 4),
(31, 'Borrow', '2024-02-10', '2024-03-10', '2024-03-11', 1.25, 8, 1),
(32, 'Return', '2024-03-11', '2024-03-11', '2024-03-12', 0.00, 8, 1),
(33, 'Borrow', '2024-02-01', '2024-03-01', '2024-03-03', 0.00, 2, 6),
(34, 'Return', '2024-03-03', '2024-03-03', '2024-03-04', 0.00, 2, 6),
(35, 'Borrow', '2024-02-14', '2024-03-14', '2024-03-16', 0.00, 4, 8),
(36, 'Return', '2024-03-16', '2024-03-16', '2024-03-18', 0.50, 4, 8),
(37, 'Borrow', '2024-01-25', '2024-02-25', '2024-02-27', 1.00, 9, 5),
(38, 'Return', '2024-02-27', '2024-02-27', '2024-02-28', 0.00, 9, 5),
(39, 'Borrow', '2024-01-20', '2024-02-20', '2024-02-21', 0.50, 10, 7),
(40, 'Return', '2024-02-21', '2024-02-21', '2024-02-23', 0.00, 10, 7),
(41, 'Borrow', '2024-01-13', '2024-02-13', '2024-02-14', 0.00, 2, 3),
(42, 'Return', '2024-02-14', '2024-02-14', '2024-02-15', 0.00, 2, 3),
(43, 'Borrow', '2024-02-02', '2024-03-02', '2024-03-04', 1.00, 6, 2),
(44, 'Return', '2024-03-04', '2024-03-04', '2024-03-06', 0.00, 6, 2),
(45, 'Borrow', '2024-01-20', '2024-02-20', '2024-02-23', 0.50, 7, 10),
(46, 'Return', '2024-02-23', '2024-02-23', '2024-02-25', 0.00, 7, 10),
(47, 'Borrow', '2024-02-18', '2024-03-18', '2024-03-20', 1.50, 9, 4),
(48, 'Return', '2024-03-20', '2024-03-20', '2024-03-22', 0.00, 9, 4),
(49, 'Borrow', '2024-01-15', '2024-02-15', '

2024-02-17', 0.00, 3, 9),
(50, 'Return', '2024-02-17', '2024-02-17', '2024-02-18', 0.00, 3, 9),
(51, 'Borrow', '2024-01-30', '2024-02-29', '2024-03-03', 0.00, 5, 3),
(52, 'Return', '2024-03-03', '2024-03-03', '2024-03-04', 0.00, 5, 3),
(53, 'Borrow', '2024-02-05', '2024-03-05', '2024-03-08', 0.00, 7, 6),
(54, 'Return', '2024-03-08', '2024-03-08', '2024-03-09', 0.00, 7, 6),
(55, 'Borrow', '2024-02-11', '2024-03-11', '2024-03-13', 0.00, 6, 4),
(56, 'Return', '2024-03-13', '2024-03-13', '2024-03-14', 0.00, 6, 4),
(57, 'Borrow', '2024-01-17', '2024-02-17', '2024-02-19', 0.50, 4, 1),
(58, 'Return', '2024-02-19', '2024-02-19', '2024-02-21', 0.00, 4, 1),
(59, 'Borrow', '2024-01-21', '2024-02-21', '2024-02-23', 0.00, 3, 7),
(60, 'Return', '2024-02-23', '2024-02-23', '2024-02-24', 0.00, 3, 7),
(61, 'Borrow', '2024-01-11', '2024-02-11', '2024-02-13', 0.00, 10, 9),
(62, 'Return', '2024-02-13', '2024-02-13', '2024-02-15', 0.00, 10, 9),
(63, 'Borrow', '2024-02-02', '2024-03-02', '2024-03-04', 1.00, 6, 2),
(64, 'Return', '2024-03-04', '2024-03-04', '2024-03-06', 0.00, 6, 2),
(65, 'Borrow', '2024-02-25', '2024-03-25', '2024-03-28', 0.00, 3, 10),
(66, 'Return', '2024-03-28', '2024-03-28', '2024-03-30', 0.00, 3, 10),
(67, 'Borrow', '2024-02-07', '2024-03-07', '2024-03-09', 0.00, 9, 2),
(68, 'Return', '2024-03-09', '2024-03-09', '2024-03-11', 0.00, 9, 2),
(69, 'Borrow', '2024-01-15', '2024-02-15', '2024-02-17', 0.00, 10, 6),
(70, 'Return', '2024-02-17', '2024-02-17', '2024-02-18', 0.00, 10, 6),
(71, 'Borrow', '2024-02-03', '2024-03-03', '2024-03-06', 0.50, 6, 8),
(72, 'Return', '2024-03-06', '2024-03-06', '2024-03-08', 0.00, 6, 8),
(73, 'Borrow', '2024-01-25', '2024-02-25', '2024-02-28', 0.75, 4, 3),
(74, 'Return', '2024-02-28', '2024-02-28', '2024-03-01', 0.00, 4, 3),
(75, 'Borrow', '2024-01-19', '2024-02-19', '2024-02-21', 0.50, 9, 7),
(76, 'Return', '2024-02-21', '2024-02-21', '2024-02-23', 0.00, 9, 7),
(77, 'Borrow', '2024-02-07', '2024-03-07', '2024-03-09', 0.00, 8, 5),
(78, 'Return', '2024-03-09', '2024-03-09', '2024-03-11', 0.00, 8, 5),
(79, 'Borrow', '2024-02-12', '2024-03-12', '2024-03-15', 1.25, 7, 9),
(80, 'Return', '2024-03-15', '2024-03-15', '2024-03-17', 0.00, 7, 9),
(81, 'Borrow', '2024-02-20', '2024-03-20', '2024-03-22', 1.00, 6, 4),
(82, 'Return', '2024-03-22', '2024-03-22', '2024-03-24', 0.00, 6, 4),
(83, 'Borrow', '2024-01-26', '2024-02-26', '2024-02-28', 0.00, 4, 5),
(84, 'Return', '2024-02-28', '2024-02-28', '2024-03-01', 0.00, 4, 5),
(85, 'Borrow', '2024-02-15', '2024-03-15', '2024-03-18', 0.50, 10, 3),
(86, 'Return', '2024-03-18', '2024-03-18', '2024-03-20', 0.00, 10, 3),
(87, 'Borrow', '2024-01-28', '2024-02-28', '2024-03-02', 0.00, 6, 7),
(88, 'Return', '2024-03-02', '2024-03-02', '2024-03-04', 0.00, 6, 7),
(89, 'Borrow', '2024-01-10', '2024-02-10', '2024-02-13', 0.00, 5, 9),
(90, 'Return', '2024-02-13', '2024-02-13', '2024-02-15', 0.00, 5, 9),
(91, 'Borrow', '2024-02-11', '2024-03-11', '2024-03-14', 0.75, 4, 6),
(92, 'Return', '2024-03-14', '2024-03-14', '2024-03-16', 0.00, 4, 6),
(93, 'Borrow', '2024-02-18', '2024-03-18', '2024-03-20', 1.00, 2, 10),
(94, 'Return', '2024-03-20', '2024-03-20', '2024-03-22', 0.00, 2, 10),
(95, 'Borrow', '2024-02-09', '2024-03-09', '2024-03-12', 0.50, 8, 2),
(96, 'Return', '2024-03-12', '2024-03-12', '2024-03-14', 0.00, 8, 2),
(97, 'Borrow', '2024-02-06', '2024-03-06', '2024-03-09', 0.00, 9, 5),
(98, 'Return', '2024-03-09', '2024-03-09', '2024-03-11', 0.00, 9, 5),
(99, 'Borrow', '2024-01-19', '2024-02-19', '2024-02-22', 0.75, 7, 8),
(100, 'Return', '2024-02-22', '2024-02-22', '2024-02-24', 0.00, 7, 8);

